id,username,date,statut,total
1,,2025-12-08T18:48:37.789401,validee,75.0
2,,2025-12-08T18:51:16.487307,validee,125.0
3,,2025-12-08T18:51:16.489136,validee,319.98
4,,2025-12-08T18:51:16.490571,validee,75.0
5,,2025-12-11T16:34:57.210196,validee,50.0
6,,2025-12-11T16:35:23.847484,annulee,239.96999999999997
7,,2025-12-11T16:36:58.654020,en_attente,25.98
8,,2025-12-11T16:38:42.721423,en_attente,479.97
9,Ihsane,2025-12-15T13:48:00.267463,en_attente,159.98
10,Ihsane,2025-12-15T13:48:00.313615,en_attente,91.98
11,admin,2025-12-15T14:09:53.593893,en_attente,479.96000000000004
12,admin,2026-01-05T08:41:43.773072,validee,25.0
