id,commande_id,produit_id,quantite,prix_unitaire,total
1,1,2,3,25.0,75.0
2,2,2,5,25.0,125.0
3,3,3,2,159.99,319.98
4,4,2,3,25.0,75.0
5,5,2,2,25.0,50.0
6,6,4,3,79.99,239.96999999999997
7,7,6,2,12.99,25.98
8,8,3,3,159.99,479.97
9,9,3,2,79.99,159.98
10,10,4,2,45.99,91.98
11,11,2,2,159.99,319.98
12,11,3,2,79.99,159.98
